individual_mean,individual_std,joint_mean,joint_std,target_individual,target_joint,n_seeds,episodes,elapsed_time_minutes
0.2960725355081412,0.04542825954357273,0.5799595858598572,0.03782138302889977,0.18,0.26,5,1000,81.73084043264389
