individual_mean,individual_std,joint_mean,joint_std,target_individual,target_joint,n_seeds,episodes,elapsed_time_minutes
0.33711658811262557,0.02784889557701653,0.6103327963800972,0.0012528019869874063,0.18,0.26,2,100,4.613866221904755
